{
	"Version": 3,
	"Parameters": [
		{
			"Id": "Param7",
			"GroupId": "",
			"Name": "갸우뚱"
		},
		{
			"Id": "Param8",
			"GroupId": "",
			"Name": "갸우뚱"
		},
		{
			"Id": "ParamAngleX",
			"GroupId": "",
			"Name": "각도 X"
		},
		{
			"Id": "ParamAngleY",
			"GroupId": "",
			"Name": "각도 Y"
		},
		{
			"Id": "ParamEyeLOpen",
			"GroupId": "",
			"Name": "왼쪽 눈 깜빡임"
		},
		{
			"Id": "ParamEyeROpen",
			"GroupId": "",
			"Name": "오른쪽 눈 깜빡임"
		},
		{
			"Id": "ParamEyeLSmile",
			"GroupId": "",
			"Name": "왼쪽눈 각도"
		},
		{
			"Id": "ParamEyeLSmile2",
			"GroupId": "",
			"Name": "오른쪽눈 각도"
		},
		{
			"Id": "ParamBrowLY",
			"GroupId": "",
			"Name": "왼쪽 눈썹 위아래로"
		},
		{
			"Id": "ParamBrowRY",
			"GroupId": "",
			"Name": "오른쪽 눈썹 위아래로"
		},
		{
			"Id": "ParamBrowLAngle",
			"GroupId": "",
			"Name": "왼쪽 눈썹 각도"
		},
		{
			"Id": "ParamBrowRAngle",
			"GroupId": "",
			"Name": "오른쪽 눈썹 각도"
		},
		{
			"Id": "ParamBrowLForm",
			"GroupId": "",
			"Name": "왼쪽 눈썹 변형"
		},
		{
			"Id": "ParamBrowRForm",
			"GroupId": "",
			"Name": "오른쪽 눈썹 변형"
		},
		{
			"Id": "ParamMouthForm",
			"GroupId": "",
			"Name": "입 변형"
		},
		{
			"Id": "ParamMouthOpenY",
			"GroupId": "",
			"Name": "입 여닫기"
		},
		{
			"Id": "ParamCheek",
			"GroupId": "",
			"Name": "수줍음"
		},
		{
			"Id": "ParamBreath",
			"GroupId": "",
			"Name": "둠칫"
		},
		{
			"Id": "Param",
			"GroupId": "",
			"Name": "팔L X"
		},
		{
			"Id": "Param2",
			"GroupId": "",
			"Name": "팔R X"
		},
		{
			"Id": "Param13",
			"GroupId": "",
			"Name": "팔L X"
		},
		{
			"Id": "Param14",
			"GroupId": "",
			"Name": "팔R X"
		},
		{
			"Id": "Param9",
			"GroupId": "",
			"Name": "팔흔들기L:"
		},
		{
			"Id": "Param11",
			"GroupId": "",
			"Name": "팔흔들기R"
		},
		{
			"Id": "Param10",
			"GroupId": "",
			"Name": "팔흔들기L:"
		},
		{
			"Id": "Param12",
			"GroupId": "",
			"Name": "팔흔들기R"
		},
		{
			"Id": "Param15",
			"GroupId": "",
			"Name": "화난손L"
		},
		{
			"Id": "Param16",
			"GroupId": "",
			"Name": "화난손R"
		},
		{
			"Id": "Param4",
			"GroupId": "",
			"Name": "다리L X"
		},
		{
			"Id": "Param3",
			"GroupId": "",
			"Name": "다리R X"
		},
		{
			"Id": "Param5",
			"GroupId": "",
			"Name": "악세펄럭임"
		},
		{
			"Id": "Param6",
			"GroupId": "",
			"Name": "꼬리 움직임"
		},
		{
			"Id": "Param17",
			"GroupId": "",
			"Name": "빠직"
		}
	],
	"ParameterGroups": [],
	"Parts": [
		{
			"Id": "dolce",
			"Name": "dolce"
		}
	]
}