{
	"Version": 3,
	"Meta": {
		"Duration": 5.333,
		"Fps": 30.0,
		"Loop": true,
		"AreBeziersRestricted": true,
		"CurveCount": 13,
		"TotalSegmentCount": 115,
		"TotalPointCount": 332,
		"UserDataCount": 0,
		"TotalUserDataSize": 0
	},
	"Curves": [
		{
			"Target": "Parameter",
			"Id": "Param7",
			"Segments": [
				0,
				0,
				1,
				0.111,
				0,
				0.222,
				-10,
				0.333,
				-10,
				1,
				0.444,
				-10,
				0.556,
				0,
				0.667,
				0,
				1,
				0.778,
				0,
				0.889,
				0,
				1,
				0,
				1,
				1.111,
				0,
				1.222,
				0,
				1.333,
				0,
				1,
				1.444,
				0,
				1.556,
				10,
				1.667,
				10,
				1,
				1.778,
				10,
				1.889,
				0,
				2,
				0,
				1,
				2.111,
				0,
				2.222,
				0,
				2.333,
				0,
				1,
				2.444,
				0,
				2.556,
				0,
				2.667,
				0,
				1,
				2.778,
				0,
				2.889,
				-10,
				3,
				-10,
				1,
				3.111,
				-10,
				3.222,
				0,
				3.333,
				0,
				1,
				3.444,
				0,
				3.556,
				0,
				3.667,
				0,
				1,
				3.778,
				0,
				3.889,
				0,
				4,
				0,
				1,
				4.111,
				0,
				4.222,
				10,
				4.333,
				10,
				1,
				4.444,
				10,
				4.556,
				0,
				4.667,
				0,
				1,
				4.778,
				0,
				4.889,
				0,
				5,
				0,
				1,
				5.111,
				0,
				5.222,
				0,
				5.333,
				0
			]
		},
		{
			"Target": "Parameter",
			"Id": "ParamEyeLOpen",
			"Segments": [
				0,
				1,
				0,
				2.167,
				1,
				1,
				2.222,
				1,
				2.278,
				0,
				2.333,
				0,
				1,
				2.378,
				0,
				2.422,
				0,
				2.467,
				0,
				1,
				2.522,
				0,
				2.578,
				1,
				2.633,
				1,
				0,
				5.333,
				1
			]
		},
		{
			"Target": "Parameter",
			"Id": "ParamEyeROpen",
			"Segments": [
				0,
				1,
				0,
				2.167,
				1,
				1,
				2.222,
				1,
				2.278,
				0,
				2.333,
				0,
				1,
				2.378,
				0,
				2.422,
				0,
				2.467,
				0,
				1,
				2.522,
				0,
				2.578,
				1,
				2.633,
				1,
				0,
				5.333,
				1
			]
		},
		{
			"Target": "Parameter",
			"Id": "ParamBrowLY",
			"Segments": [
				0,
				0,
				0,
				2.167,
				0,
				1,
				2.222,
				0,
				2.278,
				-0.5,
				2.333,
				-0.5,
				1,
				2.378,
				-0.5,
				2.422,
				-0.5,
				2.467,
				-0.5,
				1,
				2.522,
				-0.5,
				2.578,
				0,
				2.633,
				0,
				0,
				5.333,
				0
			]
		},
		{
			"Target": "Parameter",
			"Id": "ParamBrowRY",
			"Segments": [
				0,
				0,
				0,
				2.167,
				0,
				1,
				2.222,
				0,
				2.278,
				-0.5,
				2.333,
				-0.5,
				1,
				2.378,
				-0.5,
				2.422,
				-0.5,
				2.467,
				-0.5,
				1,
				2.522,
				-0.5,
				2.578,
				0,
				2.633,
				0,
				0,
				5.333,
				0
			]
		},
		{
			"Target": "Parameter",
			"Id": "ParamMouthForm",
			"Segments": [
				0,
				0,
				1,
				0.733,
				0,
				1.467,
				0,
				2.2,
				0,
				1,
				2.256,
				0,
				2.311,
				-0.1,
				2.367,
				-0.1,
				1,
				2.411,
				-0.1,
				2.456,
				-0.1,
				2.5,
				-0.1,
				1,
				2.556,
				-0.1,
				2.611,
				0,
				2.667,
				0,
				0,
				5.333,
				0
			]
		},
		{
			"Target": "Parameter",
			"Id": "ParamBreath",
			"Segments": [
				0,
				0,
				1,
				0.111,
				0,
				0.222,
				-5,
				0.333,
				-5,
				1,
				0.444,
				-5,
				0.556,
				-3.873,
				0.667,
				0,
				1,
				0.778,
				3.873,
				0.889,
				7,
				1,
				7,
				1,
				1.111,
				7,
				1.222,
				3.873,
				1.333,
				0,
				1,
				1.444,
				-3.873,
				1.556,
				-5,
				1.667,
				-5,
				1,
				1.778,
				-5,
				1.889,
				-3.873,
				2,
				0,
				1,
				2.111,
				3.873,
				2.222,
				7,
				2.333,
				7,
				1,
				2.444,
				7,
				2.556,
				3.873,
				2.667,
				0,
				1,
				2.778,
				-3.873,
				2.889,
				-5,
				3,
				-5,
				1,
				3.111,
				-5,
				3.222,
				-3.873,
				3.333,
				0,
				1,
				3.444,
				3.873,
				3.556,
				7,
				3.667,
				7,
				1,
				3.778,
				7,
				3.889,
				3.873,
				4,
				0,
				1,
				4.111,
				-3.873,
				4.222,
				-5,
				4.333,
				-5,
				1,
				4.444,
				-5,
				4.556,
				-3.873,
				4.667,
				0,
				1,
				4.778,
				3.873,
				4.889,
				7,
				5,
				7,
				1,
				5.111,
				7,
				5.222,
				0,
				5.333,
				0
			]
		},
		{
			"Target": "Parameter",
			"Id": "Param",
			"Segments": [
				0,
				0,
				1,
				0.122,
				0,
				0.244,
				-0.2,
				0.367,
				-0.2,
				1,
				0.578,
				-0.2,
				0.789,
				0,
				1,
				0,
				1,
				1.111,
				0,
				1.222,
				0,
				1.333,
				0,
				1,
				1.456,
				0,
				1.578,
				-0.2,
				1.7,
				-0.2,
				1,
				1.911,
				-0.2,
				2.122,
				0,
				2.333,
				0,
				1,
				2.567,
				0,
				2.8,
				-0.2,
				3.033,
				-0.2,
				1,
				3.244,
				-0.2,
				3.456,
				0,
				3.667,
				0,
				1,
				3.9,
				0,
				4.133,
				-0.2,
				4.367,
				-0.2,
				1,
				4.578,
				-0.2,
				4.789,
				0,
				5,
				0,
				0,
				5.333,
				0
			]
		},
		{
			"Target": "Parameter",
			"Id": "Param2",
			"Segments": [
				0,
				0,
				1,
				0.122,
				0,
				0.244,
				0.2,
				0.367,
				0.2,
				1,
				0.578,
				0.2,
				0.789,
				0,
				1,
				0,
				1,
				1.111,
				0,
				1.222,
				0,
				1.333,
				0,
				1,
				1.456,
				0,
				1.578,
				0.2,
				1.7,
				0.2,
				1,
				1.911,
				0.2,
				2.122,
				0,
				2.333,
				0,
				1,
				2.567,
				0,
				2.8,
				0.2,
				3.033,
				0.2,
				1,
				3.244,
				0.2,
				3.456,
				0,
				3.667,
				0,
				1,
				3.9,
				0,
				4.133,
				0.2,
				4.367,
				0.2,
				1,
				4.578,
				0.2,
				4.789,
				0,
				5,
				0,
				0,
				5.333,
				0
			]
		},
		{
			"Target": "Parameter",
			"Id": "Param13",
			"Segments": [
				0,
				0,
				1,
				0.122,
				0,
				0.244,
				-0.2,
				0.367,
				-0.2,
				1,
				0.578,
				-0.2,
				0.789,
				0,
				1,
				0,
				1,
				1.111,
				0,
				1.222,
				0,
				1.333,
				0,
				1,
				1.456,
				0,
				1.578,
				-0.2,
				1.7,
				-0.2,
				1,
				1.911,
				-0.2,
				2.122,
				0,
				2.333,
				0,
				1,
				2.567,
				0,
				2.8,
				-0.2,
				3.033,
				-0.2,
				1,
				3.244,
				-0.2,
				3.456,
				0,
				3.667,
				0,
				1,
				3.9,
				0,
				4.133,
				-0.2,
				4.367,
				-0.2,
				1,
				4.578,
				-0.2,
				4.789,
				0,
				5,
				0,
				0,
				5.333,
				0
			]
		},
		{
			"Target": "Parameter",
			"Id": "Param14",
			"Segments": [
				0,
				0,
				1,
				0.122,
				0,
				0.244,
				0.2,
				0.367,
				0.2,
				1,
				0.578,
				0.2,
				0.789,
				0,
				1,
				0,
				1,
				1.111,
				0,
				1.222,
				0,
				1.333,
				0,
				1,
				1.456,
				0,
				1.578,
				0.2,
				1.7,
				0.2,
				1,
				1.911,
				0.2,
				2.122,
				0,
				2.333,
				0,
				1,
				2.567,
				0,
				2.8,
				0.2,
				3.033,
				0.2,
				1,
				3.244,
				0.2,
				3.456,
				0,
				3.667,
				0,
				1,
				3.9,
				0,
				4.133,
				0.2,
				4.367,
				0.2,
				1,
				4.578,
				0.2,
				4.789,
				0,
				5,
				0,
				0,
				5.333,
				0
			]
		},
		{
			"Target": "Parameter",
			"Id": "Param5",
			"Segments": [
				0,
				1,
				1,
				0.167,
				1,
				0.333,
				0.8,
				0.5,
				0.8,
				1,
				0.667,
				0.8,
				0.833,
				1,
				1,
				1,
				1,
				1.222,
				1,
				1.444,
				0.8,
				1.667,
				0.8,
				1,
				1.889,
				0.8,
				2.111,
				1,
				2.333,
				1,
				1,
				2.567,
				1,
				2.8,
				0.8,
				3.033,
				0.8,
				1,
				3.244,
				0.8,
				3.456,
				1,
				3.667,
				1,
				1,
				3.889,
				1,
				4.111,
				0.8,
				4.333,
				0.8,
				1,
				4.556,
				0.8,
				4.778,
				1,
				5,
				1,
				1,
				5.111,
				1,
				5.222,
				1,
				5.333,
				1
			]
		},
		{
			"Target": "Parameter",
			"Id": "Param6",
			"Segments": [
				0,
				1,
				1,
				0.111,
				1,
				0.222,
				0.6,
				0.333,
				0.6,
				1,
				0.567,
				0.6,
				0.8,
				1,
				1.033,
				1,
				1,
				1.244,
				1,
				1.456,
				0.7,
				1.667,
				0.7,
				1,
				1.889,
				0.7,
				2.111,
				1,
				2.333,
				1,
				1,
				2.556,
				1,
				2.778,
				0.5,
				3,
				0.5,
				1,
				3.222,
				0.5,
				3.444,
				1,
				3.667,
				1,
				1,
				3.889,
				1,
				4.111,
				0.3,
				4.333,
				0.3,
				1,
				4.556,
				0.3,
				4.778,
				1,
				5,
				1,
				1,
				5.111,
				1,
				5.222,
				1,
				5.333,
				1
			]
		}
	]
}