{
	"Version": 3,
	"Meta": {
		"Duration": 1.6,
		"Fps": 30.0,
		"Loop": true,
		"AreBeziersRestricted": true,
		"CurveCount": 12,
		"TotalSegmentCount": 63,
		"TotalPointCount": 189,
		"UserDataCount": 0,
		"TotalUserDataSize": 0
	},
	"Curves": [
		{
			"Target": "Parameter",
			"Id": "ParamAngleX",
			"Segments": [
				0,
				0,
				1,
				0.078,
				0,
				0.156,
				-24,
				0.233,
				-24,
				1,
				0.311,
				-24,
				0.389,
				9,
				0.467,
				9,
				1,
				0.544,
				9,
				0.622,
				-19,
				0.7,
				-19,
				1,
				0.778,
				-19,
				0.856,
				15,
				0.933,
				15,
				1,
				1.022,
				15,
				1.111,
				-23,
				1.2,
				-23,
				1,
				1.267,
				-23,
				1.333,
				7,
				1.4,
				7,
				1,
				1.467,
				7,
				1.533,
				0,
				1.6,
				0
			]
		},
		{
			"Target": "Parameter",
			"Id": "Param2",
			"Segments": [
				0,
				0,
				1,
				0.078,
				0,
				0.156,
				-0.8,
				0.233,
				-0.8,
				1,
				0.311,
				-0.8,
				0.389,
				0.2,
				0.467,
				0.2,
				1,
				0.544,
				0.2,
				0.622,
				-0.8,
				0.7,
				-0.8,
				1,
				0.778,
				-0.8,
				0.856,
				0.5,
				0.933,
				0.5,
				1,
				1.022,
				0.5,
				1.111,
				-0.8,
				1.2,
				-0.8,
				1,
				1.267,
				-0.8,
				1.333,
				0.4,
				1.4,
				0.4,
				1,
				1.467,
				0.4,
				1.533,
				0,
				1.6,
				0
			]
		},
		{
			"Target": "Parameter",
			"Id": "ParamEyeLSmile",
			"Segments": [
				0,
				1,
				0,
				0.467,
				1,
				1,
				0.533,
				1,
				0.6,
				0,
				0.667,
				0,
				1,
				0.911,
				0,
				1.156,
				0,
				1.4,
				0,
				1,
				1.467,
				0,
				1.533,
				1,
				1.6,
				1
			]
		},
		{
			"Target": "Parameter",
			"Id": "ParamEyeRSmile",
			"Segments": [
				0,
				1,
				0,
				0.467,
				1,
				1,
				0.533,
				1,
				0.6,
				0,
				0.667,
				0,
				1,
				0.911,
				0,
				1.156,
				0,
				1.4,
				0,
				1,
				1.467,
				0,
				1.533,
				1,
				1.6,
				1
			]
		},
		{
			"Target": "Parameter",
			"Id": "Param14",
			"Segments": [
				0,
				0,
				1,
				0.078,
				0,
				0.156,
				0.4,
				0.233,
				0.4,
				1,
				0.311,
				0.4,
				0.389,
				0.262,
				0.467,
				0,
				1,
				0.567,
				-0.337,
				0.667,
				-0.5,
				0.767,
				-0.5,
				1,
				0.833,
				-0.5,
				0.9,
				-0.3,
				0.967,
				-0.3,
				1,
				1.056,
				-0.3,
				1.144,
				-0.5,
				1.233,
				-0.5,
				1,
				1.289,
				-0.5,
				1.344,
				-0.45,
				1.4,
				-0.3,
				1,
				1.467,
				-0.12,
				1.533,
				0,
				1.6,
				0
			]
		},
		{
			"Target": "Parameter",
			"Id": "Param15",
			"Segments": [
				0,
				0,
				1,
				0.078,
				0,
				0.156,
				0.4,
				0.233,
				0.4,
				1,
				0.311,
				0.4,
				0.389,
				0.262,
				0.467,
				0,
				1,
				0.567,
				-0.337,
				0.667,
				-0.5,
				0.767,
				-0.5,
				1,
				0.833,
				-0.5,
				0.9,
				-0.3,
				0.967,
				-0.3,
				1,
				1.056,
				-0.3,
				1.144,
				-0.5,
				1.233,
				-0.5,
				1,
				1.289,
				-0.5,
				1.344,
				-0.45,
				1.4,
				-0.3,
				1,
				1.467,
				-0.12,
				1.533,
				0,
				1.6,
				0
			]
		},
		{
			"Target": "Parameter",
			"Id": "Param3",
			"Segments": [
				0,
				0,
				0,
				1.6,
				0
			]
		},
		{
			"Target": "Parameter",
			"Id": "Param4",
			"Segments": [
				0,
				0,
				1,
				0.089,
				0,
				0.178,
				0.4,
				0.267,
				0.4,
				1,
				0.344,
				0.4,
				0.422,
				0.296,
				0.5,
				0,
				1,
				0.578,
				-0.296,
				0.656,
				-0.5,
				0.733,
				-0.5,
				1,
				0.811,
				-0.5,
				0.889,
				0.2,
				0.967,
				0.2,
				1,
				1.056,
				0.2,
				1.144,
				-0.5,
				1.233,
				-0.5,
				1,
				1.3,
				-0.5,
				1.367,
				0.3,
				1.433,
				0.3,
				1,
				1.489,
				0.3,
				1.544,
				0,
				1.6,
				0
			]
		},
		{
			"Target": "Parameter",
			"Id": "Param5",
			"Segments": [
				0,
				0,
				0,
				1.6,
				0
			]
		},
		{
			"Target": "Parameter",
			"Id": "Param7",
			"Segments": [
				0,
				0,
				1,
				0.033,
				0,
				0.067,
				0.1,
				0.1,
				0.1,
				1,
				0.144,
				0.1,
				0.189,
				0,
				0.233,
				0,
				0,
				1.6,
				0
			]
		},
		{
			"Target": "Parameter",
			"Id": "Param8",
			"Segments": [
				0,
				0,
				1,
				0.033,
				0,
				0.067,
				-0.1,
				0.1,
				-0.1,
				1,
				0.144,
				-0.1,
				0.189,
				-0.072,
				0.233,
				0,
				1,
				0.311,
				0.127,
				0.389,
				0.2,
				0.467,
				0.2,
				1,
				0.544,
				0.2,
				0.622,
				-0.2,
				0.7,
				-0.2,
				1,
				0.778,
				-0.2,
				0.856,
				0.2,
				0.933,
				0.2,
				1,
				1.022,
				0.2,
				1.111,
				-0.2,
				1.2,
				-0.2,
				1,
				1.267,
				-0.2,
				1.333,
				0.2,
				1.4,
				0.2,
				1,
				1.467,
				0.2,
				1.533,
				0,
				1.6,
				0
			]
		},
		{
			"Target": "Parameter",
			"Id": "Param13",
			"Segments": [
				0,
				1,
				0,
				0.233,
				1,
				1,
				0.311,
				1,
				0.389,
				0.833,
				0.467,
				0.5,
				1,
				0.544,
				0.167,
				0.622,
				0,
				0.7,
				0,
				1,
				0.778,
				0,
				0.856,
				0.5,
				0.933,
				0.5,
				1,
				1.022,
				0.5,
				1.111,
				0,
				1.2,
				0,
				1,
				1.267,
				0,
				1.333,
				0.02,
				1.4,
				0.3,
				1,
				1.467,
				0.58,
				1.533,
				1,
				1.6,
				1
			]
		}
	]
}