{
	"Version": 3,
	"Parameters": [
		{
			"Id": "ParamAngleY",
			"GroupId": "",
			"Name": "각도 X"
		},
		{
			"Id": "ParamAngleX",
			"GroupId": "",
			"Name": "각도 y"
		},
		{
			"Id": "Param",
			"GroupId": "",
			"Name": "갸우뚱"
		},
		{
			"Id": "Param2",
			"GroupId": "",
			"Name": "몸둠칫"
		},
		{
			"Id": "ParamEyeLOpen",
			"GroupId": "",
			"Name": "왼쪽 눈 깜빡임"
		},
		{
			"Id": "ParamEyeROpen",
			"GroupId": "",
			"Name": "오른쪽 눈 깜빡임"
		},
		{
			"Id": "ParamEyeLSmile",
			"GroupId": "",
			"Name": "왼쪽 눈 미소"
		},
		{
			"Id": "ParamEyeRSmile",
			"GroupId": "",
			"Name": "오른쪽 눈 미소"
		},
		{
			"Id": "ParamEyeBallX",
			"GroupId": "",
			"Name": "눈 X"
		},
		{
			"Id": "Param14",
			"GroupId": "",
			"Name": "귀L"
		},
		{
			"Id": "Param15",
			"GroupId": "",
			"Name": "귀R"
		},
		{
			"Id": "ParamEyeBallY",
			"GroupId": "",
			"Name": "눈 Y"
		},
		{
			"Id": "ParamBrowLY",
			"GroupId": "",
			"Name": "눈썹각도L"
		},
		{
			"Id": "ParamBrowLY2",
			"GroupId": "",
			"Name": "눈썹각도R"
		},
		{
			"Id": "ParamBrowLX",
			"GroupId": "",
			"Name": "눈얇게L"
		},
		{
			"Id": "ParamBrowLX2",
			"GroupId": "",
			"Name": "눈얇게R"
		},
		{
			"Id": "ParamMouthForm",
			"GroupId": "",
			"Name": "입 변형"
		},
		{
			"Id": "ParamMouthOpenY",
			"GroupId": "",
			"Name": "입 여닫기"
		},
		{
			"Id": "Param3",
			"GroupId": "",
			"Name": "둠칫"
		},
		{
			"Id": "Param4",
			"GroupId": "",
			"Name": "꼬리흔들"
		},
		{
			"Id": "Param5",
			"GroupId": "",
			"Name": "스카프"
		},
		{
			"Id": "Param6",
			"GroupId": "",
			"Name": "벨트"
		},
		{
			"Id": "Param7",
			"GroupId": "",
			"Name": "팔L X"
		},
		{
			"Id": "Param8",
			"GroupId": "",
			"Name": "팔R X"
		},
		{
			"Id": "Param9",
			"GroupId": "",
			"Name": "다리L"
		},
		{
			"Id": "Param10",
			"GroupId": "",
			"Name": "다리R"
		},
		{
			"Id": "Param13",
			"GroupId": "",
			"Name": "팔흔들기L"
		},
		{
			"Id": "Param11",
			"GroupId": "",
			"Name": "눈반짝L"
		},
		{
			"Id": "Param12",
			"GroupId": "",
			"Name": "눈반짝R"
		},
		{
			"Id": "ParamCheek",
			"GroupId": "",
			"Name": "수줍음"
		}
	],
	"ParameterGroups": [],
	"Parts": [
		{
			"Id": "ryang",
			"Name": "ryang"
		}
	]
}