{
	"Version": 3,
	"Meta": {
		"Duration": 2.667,
		"Fps": 30.0,
		"Loop": true,
		"AreBeziersRestricted": true,
		"CurveCount": 7,
		"TotalSegmentCount": 38,
		"TotalPointCount": 109,
		"UserDataCount": 0,
		"TotalUserDataSize": 0
	},
	"Curves": [
		{
			"Target": "Parameter",
			"Id": "ParamBrowLAngle",
			"Segments": [
				0,
				0,
				0,
				0.3,
				0,
				1,
				0.389,
				0,
				0.478,
				0.7,
				0.567,
				0.7,
				1,
				1.211,
				0.7,
				1.856,
				0.7,
				2.5,
				0.7,
				1,
				2.556,
				0.7,
				2.611,
				0,
				2.667,
				0
			]
		},
		{
			"Target": "Parameter",
			"Id": "ParamBrowRAngle",
			"Segments": [
				0,
				0,
				0,
				0.3,
				0,
				1,
				0.389,
				0,
				0.478,
				0.7,
				0.567,
				0.7,
				1,
				1.211,
				0.7,
				1.856,
				0.7,
				2.5,
				0.7,
				1,
				2.556,
				0.7,
				2.611,
				0,
				2.667,
				0
			]
		},
		{
			"Target": "Parameter",
			"Id": "ParamMouthForm",
			"Segments": [
				0,
				1,
				0,
				0.333,
				1,
				1,
				0.411,
				1,
				0.489,
				0.1,
				0.567,
				0.1,
				1,
				1.211,
				0.1,
				1.856,
				0.1,
				2.5,
				0.1,
				1,
				2.556,
				0.1,
				2.611,
				1,
				2.667,
				1
			]
		},
		{
			"Target": "Parameter",
			"Id": "ParamCheek",
			"Segments": [
				0,
				1,
				0,
				0.467,
				1,
				1,
				0.622,
				1,
				0.778,
				0.7,
				0.933,
				0.7,
				1,
				1.456,
				0.7,
				1.978,
				0.7,
				2.5,
				0.7,
				1,
				2.556,
				0.7,
				2.611,
				1,
				2.667,
				1
			]
		},
		{
			"Target": "Parameter",
			"Id": "ParamBreath",
			"Segments": [
				0,
				0,
				1,
				0.056,
				0,
				0.111,
				-0.7,
				0.167,
				-0.7,
				1,
				0.278,
				-0.7,
				0.389,
				0.3,
				0.5,
				0.3,
				1,
				0.611,
				0.3,
				0.722,
				-0.7,
				0.833,
				-0.7,
				1,
				0.944,
				-0.7,
				1.056,
				0.3,
				1.167,
				0.3,
				1,
				1.278,
				0.3,
				1.389,
				-0.7,
				1.5,
				-0.7,
				1,
				1.611,
				-0.7,
				1.722,
				0.3,
				1.833,
				0.3,
				1,
				1.944,
				0.3,
				2.056,
				-0.7,
				2.167,
				-0.7,
				1,
				2.278,
				-0.7,
				2.389,
				0.3,
				2.5,
				0.3,
				1,
				2.556,
				0.3,
				2.611,
				0,
				2.667,
				0
			]
		},
		{
			"Target": "Parameter",
			"Id": "Param",
			"Segments": [
				0,
				0,
				1,
				0.078,
				0,
				0.156,
				-0.2,
				0.233,
				-0.2,
				1,
				0.333,
				-0.2,
				0.433,
				-0.119,
				0.533,
				0,
				1,
				0.656,
				0.145,
				0.778,
				0.2,
				0.9,
				0.2,
				1,
				1.011,
				0.2,
				1.122,
				0.133,
				1.233,
				0,
				1,
				1.344,
				-0.133,
				1.456,
				-0.2,
				1.567,
				-0.2,
				1,
				1.678,
				-0.2,
				1.789,
				-0.133,
				1.9,
				0,
				1,
				2.011,
				0.133,
				2.122,
				0.2,
				2.233,
				0.2,
				1,
				2.344,
				0.2,
				2.456,
				0,
				2.567,
				0,
				0,
				2.667,
				0
			]
		},
		{
			"Target": "Parameter",
			"Id": "Param2",
			"Segments": [
				0,
				1,
				0,
				0.5,
				1,
				1,
				0.578,
				1,
				0.656,
				0.5,
				0.733,
				0.5,
				1,
				1.322,
				0.5,
				1.911,
				0.5,
				2.5,
				0.5,
				1,
				2.556,
				0.5,
				2.611,
				1,
				2.667,
				1
			]
		}
	]
}