{
	"Version": 3,
	"Meta": {
		"Duration": 2.4,
		"Fps": 30.0,
		"Loop": true,
		"AreBeziersRestricted": true,
		"CurveCount": 4,
		"TotalSegmentCount": 26,
		"TotalPointCount": 76,
		"UserDataCount": 0,
		"TotalUserDataSize": 0
	},
	"Curves": [
		{
			"Target": "Parameter",
			"Id": "ParamBreath",
			"Segments": [
				0,
				0,
				1,
				0.1,
				0,
				0.2,
				-1,
				0.3,
				-1,
				1,
				0.5,
				-1,
				0.7,
				0.7,
				0.9,
				0.7,
				1,
				1.1,
				0.7,
				1.3,
				-1,
				1.5,
				-1,
				1,
				1.7,
				-1,
				1.9,
				0.7,
				2.1,
				0.7,
				1,
				2.2,
				0.7,
				2.3,
				0,
				2.4,
				0
			]
		},
		{
			"Target": "Parameter",
			"Id": "Param2",
			"Segments": [
				0,
				1,
				0,
				0.033,
				1,
				1,
				0.133,
				1,
				0.233,
				0.812,
				0.333,
				0.7,
				1,
				0.422,
				0.6,
				0.511,
				0.545,
				0.6,
				0.5,
				1,
				0.756,
				0.421,
				0.911,
				0.391,
				1.067,
				0.3,
				1,
				1.2,
				0.222,
				1.333,
				0.1,
				1.467,
				0.1,
				1,
				1.6,
				0.1,
				1.733,
				0.093,
				1.867,
				0.3,
				1,
				2.033,
				0.559,
				2.2,
				1,
				2.367,
				1,
				0,
				2.4,
				1
			]
		},
		{
			"Target": "Parameter",
			"Id": "ParamMouthOpenY",
			"Segments": [
				0,
				1,
				1,
				0.1,
				1,
				0.2,
				0.6,
				0.3,
				0.6,
				1,
				0.5,
				0.6,
				0.7,
				1,
				0.9,
				1,
				1,
				1.1,
				1,
				1.3,
				0.7,
				1.5,
				0.7,
				1,
				1.7,
				0.7,
				1.9,
				1,
				2.1,
				1,
				0,
				2.4,
				1
			]
		},
		{
			"Target": "Parameter",
			"Id": "Param3",
			"Segments": [
				0,
				1,
				1,
				0.089,
				1,
				0.178,
				0.5,
				0.267,
				0.5,
				1,
				0.389,
				0.5,
				0.511,
				0.8,
				0.633,
				0.8,
				1,
				0.722,
				0.8,
				0.811,
				0.1,
				0.9,
				0.1,
				1,
				0.978,
				0.1,
				1.056,
				0.5,
				1.133,
				0.5,
				1,
				1.256,
				0.5,
				1.378,
				0.1,
				1.5,
				0.1,
				1,
				1.622,
				0.1,
				1.744,
				0.7,
				1.867,
				0.7,
				1,
				1.944,
				0.7,
				2.022,
				0.3,
				2.1,
				0.3,
				1,
				2.2,
				0.3,
				2.3,
				1,
				2.4,
				1
			]
		}
	]
}