{
	"Version": 3,
	"Meta": {
		"Duration": 1.833,
		"Fps": 30.0,
		"Loop": true,
		"AreBeziersRestricted": true,
		"CurveCount": 7,
		"TotalSegmentCount": 29,
		"TotalPointCount": 82,
		"UserDataCount": 0,
		"TotalUserDataSize": 0
	},
	"Curves": [
		{
			"Target": "Parameter",
			"Id": "ParamAngleY",
			"Segments": [
				0,
				0,
				0,
				0.667,
				0,
				1,
				0.822,
				0,
				0.978,
				-30,
				1.133,
				-30,
				1,
				1.256,
				-30,
				1.378,
				-30,
				1.5,
				-30,
				1,
				1.611,
				-30,
				1.722,
				0,
				1.833,
				0
			]
		},
		{
			"Target": "Parameter",
			"Id": "ParamEyeLOpen",
			"Segments": [
				0,
				1,
				0,
				0.667,
				1,
				1,
				0.822,
				1,
				0.978,
				0,
				1.133,
				0,
				1,
				1.256,
				0,
				1.378,
				0,
				1.5,
				0,
				1,
				1.611,
				0,
				1.722,
				1,
				1.833,
				1
			]
		},
		{
			"Target": "Parameter",
			"Id": "ParamEyeROpen",
			"Segments": [
				0,
				1,
				0,
				0.667,
				1,
				1,
				0.822,
				1,
				0.978,
				0,
				1.133,
				0,
				1,
				1.256,
				0,
				1.378,
				0,
				1.5,
				0,
				1,
				1.611,
				0,
				1.722,
				1,
				1.833,
				1
			]
		},
		{
			"Target": "Parameter",
			"Id": "ParamMouthForm",
			"Segments": [
				0,
				1,
				0,
				0.667,
				1,
				1,
				0.822,
				1,
				0.978,
				0.4,
				1.133,
				0.4,
				1,
				1.256,
				0.4,
				1.378,
				0.4,
				1.5,
				0.4,
				1,
				1.611,
				0.4,
				1.722,
				1,
				1.833,
				1
			]
		},
		{
			"Target": "Parameter",
			"Id": "ParamBreath",
			"Segments": [
				0,
				0,
				1,
				0.111,
				0,
				0.222,
				-0.7,
				0.333,
				-0.7,
				1,
				0.444,
				-0.7,
				0.556,
				0,
				0.667,
				0,
				1,
				0.822,
				0,
				0.978,
				-0.448,
				1.133,
				-0.6,
				1,
				1.256,
				-0.719,
				1.378,
				-0.7,
				1.5,
				-0.7,
				1,
				1.611,
				-0.7,
				1.722,
				0,
				1.833,
				0
			]
		},
		{
			"Target": "Parameter",
			"Id": "Param2",
			"Segments": [
				0,
				1,
				0,
				0.667,
				1,
				1,
				0.822,
				1,
				0.978,
				0.7,
				1.133,
				0.7,
				1,
				1.256,
				0.7,
				1.378,
				0.71,
				1.5,
				0.8,
				1,
				1.611,
				0.882,
				1.722,
				1,
				1.833,
				1
			]
		},
		{
			"Target": "Parameter",
			"Id": "ParamMouthOpenY",
			"Segments": [
				0,
				1,
				0,
				0.667,
				1,
				1,
				0.822,
				1,
				0.978,
				0,
				1.133,
				0,
				1,
				1.256,
				0,
				1.378,
				0,
				1.5,
				0,
				1,
				1.611,
				0,
				1.722,
				1,
				1.833,
				1
			]
		}
	]
}