{
	"Version": 3,
	"Parameters": [
		{
			"Id": "ParamAngleX",
			"GroupId": "",
			"Name": "각도 X"
		},
		{
			"Id": "ParamAngleY",
			"GroupId": "",
			"Name": "각도 Y"
		},
		{
			"Id": "Param4",
			"GroupId": "",
			"Name": "갸우뚱"
		},
		{
			"Id": "ParamEyeLOpen",
			"GroupId": "",
			"Name": "왼쪽 눈 깜빡임"
		},
		{
			"Id": "ParamEyeROpen",
			"GroupId": "",
			"Name": "오른쪽 눈 깜빡임"
		},
		{
			"Id": "ParamEyeLSmile",
			"GroupId": "",
			"Name": "왼쪽 눈 미소"
		},
		{
			"Id": "ParamEyeRSmile",
			"GroupId": "",
			"Name": "오른쪽 눈 미소"
		},
		{
			"Id": "ParamEyeBallX",
			"GroupId": "",
			"Name": "눈 X L"
		},
		{
			"Id": "ParamEyeBallX2",
			"GroupId": "",
			"Name": "눈 X R"
		},
		{
			"Id": "ParamEyeBallY",
			"GroupId": "",
			"Name": "눈 Y L"
		},
		{
			"Id": "ParamEyeBallY2",
			"GroupId": "",
			"Name": "눈 Y R"
		},
		{
			"Id": "ParamBrowLY",
			"GroupId": "",
			"Name": "눈썹L 아래로"
		},
		{
			"Id": "ParamBrowLY2",
			"GroupId": "",
			"Name": "눈썹R아래로"
		},
		{
			"Id": "ParamBrowLAngle",
			"GroupId": "",
			"Name": "눈썹L 각도"
		},
		{
			"Id": "ParamBrowRAngle",
			"GroupId": "",
			"Name": "눈썹R 각도"
		},
		{
			"Id": "ParamMouthForm",
			"GroupId": "",
			"Name": "입 변형"
		},
		{
			"Id": "ParamCheek",
			"GroupId": "",
			"Name": "수줍음"
		},
		{
			"Id": "ParamBreath",
			"GroupId": "",
			"Name": "둠칫"
		},
		{
			"Id": "Param",
			"GroupId": "",
			"Name": "목걸이흔들림"
		},
		{
			"Id": "Param2",
			"GroupId": "",
			"Name": "꼬리움직임"
		},
		{
			"Id": "ParamMouthOpenY",
			"GroupId": "",
			"Name": "손잡기"
		},
		{
			"Id": "Param3",
			"GroupId": "",
			"Name": "옷움직임"
		},
		{
			"Id": "Param5",
			"GroupId": "",
			"Name": "sad"
		}
	],
	"ParameterGroups": [],
	"Parts": [
		{
			"Id": "angelo",
			"Name": "angelo"
		},
		{
			"Id": "Part",
			"Name": "눈감정표현추가"
		}
	]
}