{
	"Version": 3,
	"Meta": {
		"Duration": 5.333,
		"Fps": 30.0,
		"Loop": true,
		"AreBeziersRestricted": true,
		"CurveCount": 6,
		"TotalSegmentCount": 58,
		"TotalPointCount": 164,
		"UserDataCount": 0,
		"TotalUserDataSize": 0
	},
	"Curves": [
		{
			"Target": "Parameter",
			"Id": "Param4",
			"Segments": [
				0,
				0,
				1,
				0.111,
				0,
				0.222,
				-0.6,
				0.333,
				-0.6,
				1,
				0.444,
				-0.6,
				0.556,
				0,
				0.667,
				0,
				1,
				0.778,
				0,
				0.889,
				0,
				1,
				0,
				1,
				1.111,
				0,
				1.222,
				0,
				1.333,
				0,
				1,
				1.444,
				0,
				1.556,
				0.6,
				1.667,
				0.6,
				1,
				1.778,
				0.6,
				1.889,
				0,
				2,
				0,
				1,
				2.111,
				0,
				2.222,
				0,
				2.333,
				0,
				1,
				2.444,
				0,
				2.556,
				0,
				2.667,
				0,
				1,
				2.778,
				0,
				2.889,
				-0.6,
				3,
				-0.6,
				1,
				3.111,
				-0.6,
				3.222,
				0,
				3.333,
				0,
				1,
				3.444,
				0,
				3.556,
				0,
				3.667,
				0,
				1,
				3.778,
				0,
				3.889,
				0,
				4,
				0,
				1,
				4.111,
				0,
				4.222,
				0.6,
				4.333,
				0.6,
				1,
				4.444,
				0.6,
				4.556,
				0,
				4.667,
				0,
				0,
				5.333,
				0
			]
		},
		{
			"Target": "Parameter",
			"Id": "ParamEyeLOpen",
			"Segments": [
				0,
				1,
				0,
				1,
				1,
				1,
				1.078,
				1,
				1.156,
				0,
				1.233,
				0,
				1,
				1.267,
				0,
				1.3,
				0,
				1.333,
				0,
				1,
				1.389,
				0,
				1.444,
				1,
				1.5,
				1,
				0,
				5.333,
				1
			]
		},
		{
			"Target": "Parameter",
			"Id": "ParamEyeROpen",
			"Segments": [
				0,
				1,
				0,
				1,
				1,
				1,
				1.078,
				1,
				1.156,
				0,
				1.233,
				0,
				1,
				1.267,
				0,
				1.3,
				0,
				1.333,
				0,
				1,
				1.389,
				0,
				1.444,
				1,
				1.5,
				1,
				0,
				5.333,
				1
			]
		},
		{
			"Target": "Parameter",
			"Id": "ParamBreath",
			"Segments": [
				0,
				0,
				1,
				0.111,
				0,
				0.222,
				-1,
				0.333,
				-1,
				1,
				0.444,
				-1,
				0.556,
				-0.444,
				0.667,
				0,
				1,
				0.778,
				0.444,
				0.889,
				0.5,
				1,
				0.5,
				1,
				1.111,
				0.5,
				1.222,
				0.444,
				1.333,
				0,
				1,
				1.444,
				-0.444,
				1.556,
				-1,
				1.667,
				-1,
				1,
				1.778,
				-1,
				1.889,
				-0.444,
				2,
				0,
				1,
				2.111,
				0.444,
				2.222,
				0.5,
				2.333,
				0.5,
				1,
				2.444,
				0.5,
				2.556,
				0.444,
				2.667,
				0,
				1,
				2.778,
				-0.444,
				2.889,
				-1,
				3,
				-1,
				1,
				3.111,
				-1,
				3.222,
				-0.444,
				3.333,
				0,
				1,
				3.444,
				0.444,
				3.556,
				0.5,
				3.667,
				0.5,
				1,
				3.778,
				0.5,
				3.889,
				0.444,
				4,
				0,
				1,
				4.111,
				-0.444,
				4.222,
				-1,
				4.333,
				-1,
				1,
				4.444,
				-1,
				4.556,
				-0.444,
				4.667,
				0,
				1,
				4.778,
				0.444,
				4.889,
				0.5,
				5,
				0.5,
				1,
				5.111,
				0.5,
				5.222,
				0,
				5.333,
				0
			]
		},
		{
			"Target": "Parameter",
			"Id": "Param",
			"Segments": [
				0,
				0,
				1,
				0.044,
				0,
				0.089,
				0,
				0.133,
				0,
				1,
				0.222,
				0,
				0.311,
				0.5,
				0.4,
				0.5,
				1,
				0.5,
				0.5,
				0.6,
				0,
				0.7,
				0,
				1,
				0.956,
				0,
				1.211,
				0,
				1.467,
				0,
				1,
				1.544,
				0,
				1.622,
				-0.7,
				1.7,
				-0.7,
				1,
				1.811,
				-0.7,
				1.922,
				0,
				2.033,
				0,
				1,
				2.289,
				0,
				2.544,
				0,
				2.8,
				0,
				1,
				2.878,
				0,
				2.956,
				0.7,
				3.033,
				0.7,
				1,
				3.144,
				0.7,
				3.256,
				0,
				3.367,
				0,
				1,
				3.622,
				0,
				3.878,
				0,
				4.133,
				0,
				1,
				4.211,
				0,
				4.289,
				-0.7,
				4.367,
				-0.7,
				1,
				4.478,
				-0.7,
				4.589,
				0,
				4.7,
				0,
				0,
				5.333,
				0
			]
		},
		{
			"Target": "Parameter",
			"Id": "Param2",
			"Segments": [
				0,
				1,
				0,
				0.367,
				1,
				1,
				0.489,
				1,
				0.611,
				0.6,
				0.733,
				0.6,
				1,
				0.856,
				0.6,
				0.978,
				1,
				1.1,
				1,
				0,
				5.333,
				1
			]
		}
	]
}