{
	"Version": 3,
	"Meta": {
		"Duration": 5.267,
		"Fps": 30.0,
		"Loop": true,
		"AreBeziersRestricted": true,
		"CurveCount": 11,
		"TotalSegmentCount": 158,
		"TotalPointCount": 463,
		"UserDataCount": 0,
		"TotalUserDataSize": 0
	},
	"Curves": [
		{
			"Target": "Parameter",
			"Id": "ParamAngleY",
			"Segments": [
				0,
				0,
				1,
				0.111,
				0,
				0.222,
				-2,
				0.333,
				-2,
				1,
				0.444,
				-2,
				0.556,
				-1.333,
				0.667,
				0,
				1,
				0.778,
				1.333,
				0.889,
				2,
				1,
				2,
				1,
				1.111,
				2,
				1.222,
				1.333,
				1.333,
				0,
				1,
				1.444,
				-1.333,
				1.556,
				-2,
				1.667,
				-2,
				1,
				1.778,
				-2,
				1.889,
				-1.333,
				2,
				0,
				1,
				2.111,
				1.333,
				2.222,
				2,
				2.333,
				2,
				1,
				2.444,
				2,
				2.556,
				1.333,
				2.667,
				0,
				1,
				2.778,
				-1.333,
				2.889,
				-2,
				3,
				-2,
				1,
				3.111,
				-2,
				3.222,
				-1.333,
				3.333,
				0,
				1,
				3.444,
				1.333,
				3.556,
				2,
				3.667,
				2,
				1,
				3.778,
				2,
				3.889,
				1.333,
				4,
				0,
				1,
				4.111,
				-1.333,
				4.222,
				-2,
				4.333,
				-2,
				1,
				4.444,
				-2,
				4.556,
				-1.333,
				4.667,
				0,
				1,
				4.778,
				1.333,
				4.889,
				2,
				5,
				2,
				1,
				5.089,
				2,
				5.178,
				0.72,
				5.267,
				0.208
			]
		},
		{
			"Target": "Parameter",
			"Id": "ParamAngleX2",
			"Segments": [
				0,
				0,
				1,
				0.111,
				0,
				0.222,
				-30,
				0.333,
				-30,
				1,
				0.444,
				-30,
				0.556,
				0,
				0.667,
				0,
				1,
				0.778,
				0,
				0.889,
				0,
				1,
				0,
				1,
				1.111,
				0,
				1.222,
				0,
				1.333,
				0,
				1,
				1.444,
				0,
				1.556,
				30,
				1.667,
				30,
				1,
				1.778,
				30,
				1.889,
				0,
				2,
				0,
				1,
				2.111,
				0,
				2.222,
				0,
				2.333,
				0,
				1,
				2.444,
				0,
				2.556,
				-1.254,
				2.667,
				-10,
				1,
				2.778,
				-18.746,
				2.889,
				-30,
				3,
				-30,
				1,
				3.111,
				-30,
				3.222,
				0,
				3.333,
				0,
				1,
				3.444,
				0,
				3.556,
				0,
				3.667,
				0,
				1,
				3.778,
				0,
				3.889,
				0,
				4,
				0,
				1,
				4.111,
				0,
				4.222,
				30,
				4.333,
				30,
				1,
				4.444,
				30,
				4.556,
				0,
				4.667,
				0,
				1,
				4.778,
				0,
				4.889,
				0,
				5,
				0,
				0,
				5.267,
				0
			]
		},
		{
			"Target": "Parameter",
			"Id": "ParamEyeLOpen",
			"Segments": [
				0,
				1,
				0,
				1.667,
				1,
				1,
				1.733,
				1,
				1.8,
				0,
				1.867,
				0,
				1,
				1.889,
				0,
				1.911,
				0,
				1.933,
				0,
				1,
				1.978,
				0,
				2.022,
				1,
				2.067,
				1,
				0,
				5.267,
				1
			]
		},
		{
			"Target": "Parameter",
			"Id": "ParamEyeROpen",
			"Segments": [
				0,
				1,
				0,
				1.667,
				1,
				1,
				1.733,
				1,
				1.8,
				0,
				1.867,
				0,
				1,
				1.889,
				0,
				1.911,
				0,
				1.933,
				0,
				1,
				1.978,
				0,
				2.022,
				1,
				2.067,
				1,
				0,
				5.267,
				1
			]
		},
		{
			"Target": "Parameter",
			"Id": "Param7",
			"Segments": [
				0,
				0,
				1,
				0.167,
				0,
				0.333,
				0.3,
				0.5,
				0.3,
				1,
				0.611,
				0.3,
				0.722,
				0,
				0.833,
				0,
				1,
				1,
				0,
				1.167,
				0,
				1.333,
				0,
				1,
				1.5,
				0,
				1.667,
				-0.3,
				1.833,
				-0.3,
				1,
				1.944,
				-0.3,
				2.056,
				0,
				2.167,
				0,
				1,
				2.333,
				0,
				2.5,
				0,
				2.667,
				0,
				1,
				2.833,
				0,
				3,
				0.3,
				3.167,
				0.3,
				1,
				3.278,
				0.3,
				3.389,
				0,
				3.5,
				0,
				1,
				3.667,
				0,
				3.833,
				0,
				4,
				0,
				1,
				4.167,
				0,
				4.333,
				-0.3,
				4.5,
				-0.3,
				1,
				4.611,
				-0.3,
				4.722,
				0,
				4.833,
				0,
				0,
				5.267,
				0
			]
		},
		{
			"Target": "Parameter",
			"Id": "Param8",
			"Segments": [
				0,
				0,
				1,
				0.167,
				0,
				0.333,
				-0.3,
				0.5,
				-0.3,
				1,
				0.611,
				-0.3,
				0.722,
				0,
				0.833,
				0,
				1,
				1,
				0,
				1.167,
				0,
				1.333,
				0,
				1,
				1.5,
				0,
				1.667,
				0.3,
				1.833,
				0.3,
				1,
				1.944,
				0.3,
				2.056,
				0,
				2.167,
				0,
				1,
				2.333,
				0,
				2.5,
				0,
				2.667,
				0,
				1,
				2.833,
				0,
				3,
				-0.3,
				3.167,
				-0.3,
				1,
				3.278,
				-0.3,
				3.389,
				0,
				3.5,
				0,
				1,
				3.667,
				0,
				3.833,
				0,
				4,
				0,
				1,
				4.167,
				0,
				4.333,
				0.3,
				4.5,
				0.3,
				1,
				4.611,
				0.3,
				4.722,
				0,
				4.833,
				0,
				0,
				5.267,
				0
			]
		},
		{
			"Target": "Parameter",
			"Id": "Param",
			"Segments": [
				0,
				0,
				1,
				0.111,
				0,
				0.222,
				-6,
				0.333,
				-6,
				1,
				0.444,
				-6,
				0.556,
				-4,
				0.667,
				0,
				1,
				0.778,
				4,
				0.889,
				6,
				1,
				6,
				1,
				1.111,
				6,
				1.222,
				4,
				1.333,
				0,
				1,
				1.444,
				-4,
				1.556,
				-6,
				1.667,
				-6,
				1,
				1.778,
				-6,
				1.889,
				-4,
				2,
				0,
				1,
				2.111,
				4,
				2.222,
				6,
				2.333,
				6,
				1,
				2.444,
				6,
				2.556,
				4,
				2.667,
				0,
				1,
				2.778,
				-4,
				2.889,
				-6,
				3,
				-6,
				1,
				3.111,
				-6,
				3.222,
				-4,
				3.333,
				0,
				1,
				3.444,
				4,
				3.556,
				6,
				3.667,
				6,
				1,
				3.778,
				6,
				3.889,
				4,
				4,
				0,
				1,
				4.111,
				-4,
				4.222,
				-6,
				4.333,
				-6,
				1,
				4.444,
				-6,
				4.556,
				-4,
				4.667,
				0,
				1,
				4.778,
				4,
				4.889,
				6,
				5,
				6,
				1,
				5.089,
				6,
				5.178,
				2.16,
				5.267,
				0.624
			]
		},
		{
			"Target": "Parameter",
			"Id": "Param2",
			"Segments": [
				0,
				0,
				1,
				0.033,
				0,
				0.067,
				0,
				0.1,
				0,
				1,
				0.222,
				0,
				0.344,
				0.112,
				0.467,
				0.4,
				1,
				0.511,
				0.505,
				0.556,
				0.6,
				0.6,
				0.6,
				1,
				0.733,
				0.6,
				0.867,
				0.364,
				1,
				0,
				1,
				1.033,
				-0.091,
				1.067,
				-0.1,
				1.1,
				-0.1,
				1,
				1.133,
				-0.1,
				1.167,
				0,
				1.2,
				0,
				1,
				1.256,
				0,
				1.311,
				0,
				1.367,
				0,
				1,
				1.456,
				0,
				1.544,
				-0.11,
				1.633,
				-0.3,
				1,
				1.7,
				-0.442,
				1.767,
				-0.5,
				1.833,
				-0.5,
				1,
				1.944,
				-0.5,
				2.056,
				-0.299,
				2.167,
				0,
				1,
				2.2,
				0.09,
				2.233,
				0.1,
				2.267,
				0.1,
				1,
				2.289,
				0.1,
				2.311,
				0,
				2.333,
				0,
				1,
				2.4,
				0,
				2.467,
				0,
				2.533,
				0,
				1,
				2.567,
				0,
				2.6,
				0,
				2.633,
				0,
				1,
				2.756,
				0,
				2.878,
				0.112,
				3,
				0.4,
				1,
				3.044,
				0.505,
				3.089,
				0.6,
				3.133,
				0.6,
				1,
				3.267,
				0.6,
				3.4,
				0.364,
				3.533,
				0,
				1,
				3.567,
				-0.091,
				3.6,
				-0.1,
				3.633,
				-0.1,
				1,
				3.667,
				-0.1,
				3.7,
				0,
				3.733,
				0,
				1,
				3.789,
				0,
				3.844,
				0,
				3.9,
				0,
				1,
				3.989,
				0,
				4.078,
				-0.11,
				4.167,
				-0.3,
				1,
				4.233,
				-0.442,
				4.3,
				-0.5,
				4.367,
				-0.5,
				1,
				4.478,
				-0.5,
				4.589,
				-0.299,
				4.7,
				0,
				1,
				4.733,
				0.09,
				4.767,
				0.1,
				4.8,
				0.1,
				1,
				4.822,
				0.1,
				4.844,
				0,
				4.867,
				0,
				0,
				5.267,
				0
			]
		},
		{
			"Target": "Parameter",
			"Id": "Param3",
			"Segments": [
				0,
				0,
				1,
				0.033,
				0,
				0.067,
				0,
				0.1,
				0,
				1,
				0.222,
				0,
				0.344,
				0.226,
				0.467,
				0.5,
				1,
				0.511,
				0.599,
				0.556,
				0.6,
				0.6,
				0.6,
				1,
				0.733,
				0.6,
				0.867,
				0.364,
				1,
				0,
				1,
				1.033,
				-0.091,
				1.067,
				-0.1,
				1.1,
				-0.1,
				1,
				1.133,
				-0.1,
				1.167,
				0,
				1.2,
				0,
				1,
				1.256,
				0,
				1.311,
				0,
				1.367,
				0,
				1,
				1.456,
				0,
				1.544,
				-0.11,
				1.633,
				-0.3,
				1,
				1.7,
				-0.442,
				1.767,
				-0.5,
				1.833,
				-0.5,
				1,
				1.944,
				-0.5,
				2.056,
				-0.299,
				2.167,
				0,
				1,
				2.2,
				0.09,
				2.233,
				0.1,
				2.267,
				0.1,
				1,
				2.289,
				0.1,
				2.311,
				0,
				2.333,
				0,
				1,
				2.4,
				0,
				2.467,
				0,
				2.533,
				0,
				1,
				2.567,
				0,
				2.6,
				0,
				2.633,
				0,
				1,
				2.756,
				0,
				2.878,
				0.226,
				3,
				0.5,
				1,
				3.044,
				0.599,
				3.089,
				0.6,
				3.133,
				0.6,
				1,
				3.267,
				0.6,
				3.4,
				0.364,
				3.533,
				0,
				1,
				3.567,
				-0.091,
				3.6,
				-0.1,
				3.633,
				-0.1,
				1,
				3.667,
				-0.1,
				3.7,
				0,
				3.733,
				0,
				1,
				3.789,
				0,
				3.844,
				0,
				3.9,
				0,
				1,
				3.989,
				0,
				4.078,
				-0.11,
				4.167,
				-0.3,
				1,
				4.233,
				-0.442,
				4.3,
				-0.5,
				4.367,
				-0.5,
				1,
				4.478,
				-0.5,
				4.589,
				-0.299,
				4.7,
				0,
				1,
				4.733,
				0.09,
				4.767,
				0.1,
				4.8,
				0.1,
				1,
				4.822,
				0.1,
				4.844,
				0,
				4.867,
				0,
				0,
				5.267,
				0
			]
		},
		{
			"Target": "Parameter",
			"Id": "Param5",
			"Segments": [
				0,
				0,
				1,
				0.167,
				0,
				0.333,
				0.3,
				0.5,
				0.3,
				1,
				0.611,
				0.3,
				0.722,
				0,
				0.833,
				0,
				1,
				1,
				0,
				1.167,
				0,
				1.333,
				0,
				1,
				1.5,
				0,
				1.667,
				-0.3,
				1.833,
				-0.3,
				1,
				1.944,
				-0.3,
				2.056,
				0,
				2.167,
				0,
				1,
				2.333,
				0,
				2.5,
				0,
				2.667,
				0,
				1,
				2.833,
				0,
				3,
				0.3,
				3.167,
				0.3,
				1,
				3.278,
				0.3,
				3.389,
				0,
				3.5,
				0,
				1,
				3.667,
				0,
				3.833,
				0,
				4,
				0,
				1,
				4.167,
				0,
				4.333,
				-0.3,
				4.5,
				-0.3,
				1,
				4.611,
				-0.3,
				4.722,
				0,
				4.833,
				0,
				0,
				5.267,
				0
			]
		},
		{
			"Target": "Parameter",
			"Id": "Param6",
			"Segments": [
				0,
				0,
				1,
				0.167,
				0,
				0.333,
				0.3,
				0.5,
				0.3,
				1,
				0.611,
				0.3,
				0.722,
				0,
				0.833,
				0,
				1,
				1,
				0,
				1.167,
				0,
				1.333,
				0,
				1,
				1.5,
				0,
				1.667,
				-0.3,
				1.833,
				-0.3,
				1,
				1.944,
				-0.3,
				2.056,
				0,
				2.167,
				0,
				1,
				2.333,
				0,
				2.5,
				0,
				2.667,
				0,
				1,
				2.833,
				0,
				3,
				0.3,
				3.167,
				0.3,
				1,
				3.278,
				0.3,
				3.389,
				0,
				3.5,
				0,
				1,
				3.667,
				0,
				3.833,
				0,
				4,
				0,
				1,
				4.167,
				0,
				4.333,
				-0.3,
				4.5,
				-0.3,
				1,
				4.611,
				-0.3,
				4.722,
				0,
				4.833,
				0,
				0,
				5.267,
				0
			]
		}
	]
}