{
	"Version": 3,
	"Meta": {
		"Duration": 1.633,
		"Fps": 30.0,
		"Loop": true,
		"AreBeziersRestricted": true,
		"CurveCount": 10,
		"TotalSegmentCount": 63,
		"TotalPointCount": 181,
		"UserDataCount": 0,
		"TotalUserDataSize": 0
	},
	"Curves": [
		{
			"Target": "Parameter",
			"Id": "ParamAngleX2",
			"Segments": [
				0,
				0,
				0,
				0.4,
				0,
				1,
				0.444,
				0,
				0.489,
				30,
				0.533,
				30,
				1,
				0.8,
				30,
				1.067,
				30,
				1.333,
				30,
				1,
				1.433,
				30,
				1.533,
				0,
				1.633,
				0
			]
		},
		{
			"Target": "Parameter",
			"Id": "ParamEyeLSmile",
			"Segments": [
				0,
				1,
				0,
				0.533,
				1,
				1,
				0.578,
				1,
				0.622,
				0,
				0.667,
				0,
				1,
				0.9,
				0,
				1.133,
				0,
				1.367,
				0,
				1,
				1.456,
				0,
				1.544,
				1,
				1.633,
				1
			]
		},
		{
			"Target": "Parameter",
			"Id": "ParamEyeRSmile",
			"Segments": [
				0,
				1,
				0,
				0.533,
				1,
				1,
				0.578,
				1,
				0.622,
				0,
				0.667,
				0,
				1,
				0.9,
				0,
				1.133,
				0,
				1.367,
				0,
				1,
				1.456,
				0,
				1.544,
				1,
				1.633,
				1
			]
		},
		{
			"Target": "Parameter",
			"Id": "Param7",
			"Segments": [
				0,
				0,
				0,
				0.3,
				0,
				1,
				0.411,
				0,
				0.522,
				0.3,
				0.633,
				0.3,
				1,
				0.689,
				0.3,
				0.744,
				0.2,
				0.8,
				0.2,
				1,
				0.867,
				0.2,
				0.933,
				0.3,
				1,
				0.3,
				1,
				1.056,
				0.3,
				1.111,
				0.2,
				1.167,
				0.2,
				1,
				1.222,
				0.2,
				1.278,
				0.223,
				1.333,
				0.3,
				1,
				1.344,
				0.315,
				1.356,
				0.4,
				1.367,
				0.4,
				1,
				1.456,
				0.4,
				1.544,
				0,
				1.633,
				0
			]
		},
		{
			"Target": "Parameter",
			"Id": "Param8",
			"Segments": [
				0,
				0,
				0,
				0.3,
				0,
				1,
				0.411,
				0,
				0.522,
				-0.3,
				0.633,
				-0.3,
				1,
				0.689,
				-0.3,
				0.744,
				-0.2,
				0.8,
				-0.2,
				1,
				0.867,
				-0.2,
				0.933,
				-0.3,
				1,
				-0.3,
				1,
				1.056,
				-0.3,
				1.111,
				-0.2,
				1.167,
				-0.2,
				1,
				1.222,
				-0.2,
				1.278,
				-0.223,
				1.333,
				-0.3,
				1,
				1.344,
				-0.315,
				1.356,
				-0.4,
				1.367,
				-0.4,
				1,
				1.456,
				-0.4,
				1.544,
				0,
				1.633,
				0
			]
		},
		{
			"Target": "Parameter",
			"Id": "Param",
			"Segments": [
				0,
				0,
				1,
				0.056,
				0,
				0.111,
				-10,
				0.167,
				-10,
				1,
				0.244,
				-10,
				0.322,
				0.769,
				0.4,
				5,
				1,
				0.444,
				7.418,
				0.489,
				7,
				0.533,
				7,
				1,
				0.578,
				7,
				0.622,
				2.756,
				0.667,
				0,
				1,
				0.722,
				-3.445,
				0.778,
				-4,
				0.833,
				-4,
				1,
				0.889,
				-4,
				0.944,
				3,
				1,
				3,
				1,
				1.056,
				3,
				1.111,
				-3,
				1.167,
				-3,
				1,
				1.222,
				-3,
				1.278,
				3,
				1.333,
				3,
				1,
				1.433,
				3,
				1.533,
				0,
				1.633,
				0
			]
		},
		{
			"Target": "Parameter",
			"Id": "Param2",
			"Segments": [
				0,
				0,
				0,
				0.3,
				0,
				1,
				0.411,
				0,
				0.522,
				1,
				0.633,
				1,
				1,
				0.7,
				1,
				0.767,
				0,
				0.833,
				0,
				1,
				0.9,
				0,
				0.967,
				1,
				1.033,
				1,
				1,
				1.078,
				1,
				1.122,
				0,
				1.167,
				0,
				1,
				1.233,
				0,
				1.3,
				1,
				1.367,
				1,
				1,
				1.456,
				1,
				1.544,
				0,
				1.633,
				0
			]
		},
		{
			"Target": "Parameter",
			"Id": "Param3",
			"Segments": [
				0,
				0,
				0,
				0.3,
				0,
				1,
				0.411,
				0,
				0.522,
				1,
				0.633,
				1,
				1,
				0.7,
				1,
				0.767,
				0,
				0.833,
				0,
				1,
				0.9,
				0,
				0.967,
				1,
				1.033,
				1,
				1,
				1.078,
				1,
				1.122,
				0,
				1.167,
				0,
				1,
				1.233,
				0,
				1.3,
				1,
				1.367,
				1,
				1,
				1.456,
				1,
				1.544,
				0,
				1.633,
				0
			]
		},
		{
			"Target": "Parameter",
			"Id": "Param5",
			"Segments": [
				0,
				0,
				1,
				0.056,
				0,
				0.111,
				0.2,
				0.167,
				0.2,
				1,
				0.2,
				0.2,
				0.233,
				0,
				0.267,
				0,
				0,
				1.633,
				0
			]
		},
		{
			"Target": "Parameter",
			"Id": "Param11",
			"Segments": [
				0,
				-1,
				0,
				0.267,
				-1,
				1,
				0.311,
				-1,
				0.356,
				-0.722,
				0.4,
				-0.5,
				1,
				0.444,
				-0.278,
				0.489,
				-0.265,
				0.533,
				0,
				1,
				0.578,
				0.265,
				0.622,
				1,
				0.667,
				1,
				1,
				0.722,
				1,
				0.778,
				0.5,
				0.833,
				0.5,
				1,
				0.889,
				0.5,
				0.944,
				1,
				1,
				1,
				1,
				1.056,
				1,
				1.111,
				0.4,
				1.167,
				0.4,
				1,
				1.222,
				0.4,
				1.278,
				1,
				1.333,
				1,
				1,
				1.433,
				1,
				1.533,
				-1,
				1.633,
				-1
			]
		}
	]
}