{
	"Version": 3,
	"Parameters": [
		{
			"Id": "ParamAngleX",
			"GroupId": "",
			"Name": "각도 X"
		},
		{
			"Id": "ParamAngleY",
			"GroupId": "",
			"Name": "각도 Y"
		},
		{
			"Id": "ParamAngleX2",
			"GroupId": "",
			"Name": "갸우뚱"
		},
		{
			"Id": "ParamAngleZ",
			"GroupId": "",
			"Name": "각도 Z"
		},
		{
			"Id": "ParamEyeLOpen",
			"GroupId": "",
			"Name": "왼쪽 눈 깜빡임"
		},
		{
			"Id": "ParamEyeROpen",
			"GroupId": "",
			"Name": "오른쪽 눈 깜빡임"
		},
		{
			"Id": "ParamEyeLSmile",
			"GroupId": "",
			"Name": "왼쪽 눈 미소"
		},
		{
			"Id": "ParamEyeRSmile",
			"GroupId": "",
			"Name": "오른쪽 눈 미소"
		},
		{
			"Id": "ParamEyeBallX",
			"GroupId": "",
			"Name": "눈 X"
		},
		{
			"Id": "ParamEyeBallY",
			"GroupId": "",
			"Name": "눈 Y"
		},
		{
			"Id": "ParamBrowLY",
			"GroupId": "",
			"Name": "왼쪽 눈썹 위아래로"
		},
		{
			"Id": "ParamBrowRY",
			"GroupId": "",
			"Name": "오른쪽 눈썹 위아래로"
		},
		{
			"Id": "ParamBrowLAngle",
			"GroupId": "",
			"Name": "왼쪽 눈썹 각도"
		},
		{
			"Id": "ParamBrowRAngle",
			"GroupId": "",
			"Name": "오른쪽 눈썹 각도"
		},
		{
			"Id": "Param7",
			"GroupId": "",
			"Name": "귀X L"
		},
		{
			"Id": "Param8",
			"GroupId": "",
			"Name": "귀X R"
		},
		{
			"Id": "ParamMouthForm",
			"GroupId": "",
			"Name": "입 변형"
		},
		{
			"Id": "ParamMouthOpenY",
			"GroupId": "",
			"Name": "입 여닫기"
		},
		{
			"Id": "Param",
			"GroupId": "",
			"Name": "둠칫"
		},
		{
			"Id": "Param2",
			"GroupId": "",
			"Name": "머리방울X L"
		},
		{
			"Id": "Param3",
			"GroupId": "",
			"Name": "머리방울X R"
		},
		{
			"Id": "Param4",
			"GroupId": "",
			"Name": "옷 Y"
		},
		{
			"Id": "Param5",
			"GroupId": "",
			"Name": "팔X L"
		},
		{
			"Id": "Param11",
			"GroupId": "",
			"Name": "왼손 흔들기"
		},
		{
			"Id": "Param6",
			"GroupId": "",
			"Name": "팔X R"
		},
		{
			"Id": "Param9",
			"GroupId": "",
			"Name": "다리X  L"
		},
		{
			"Id": "Param10",
			"GroupId": "",
			"Name": "다리X  R"
		},
		{
			"Id": "Param12",
			"GroupId": "",
			"Name": "3줄"
		},
		{
			"Id": "Param13",
			"GroupId": "",
			"Name": "안색"
		},
		{
			"Id": "ParamCheek",
			"GroupId": "",
			"Name": "수줍음"
		},
		{
			"Id": "Param14",
			"GroupId": "",
			"Name": "화난볼"
		},
		{
			"Id": "ParamBodyAngleX",
			"GroupId": "",
			"Name": "몸의 회전 X"
		},
		{
			"Id": "ParamBodyAngleY",
			"GroupId": "",
			"Name": "몸의 회전　Y"
		},
		{
			"Id": "ParamBodyAngleZ",
			"GroupId": "",
			"Name": "몸의 회전 Z"
		}
	],
	"ParameterGroups": [],
	"Parts": [
		{
			"Id": "vilta",
			"Name": "vilta"
		},
		{
			"Id": "Part2",
			"Name": "발그레추가"
		},
		{
			"Id": "Part",
			"Name": "기분안좋음추가"
		}
	]
}