{
	"Version": 3,
	"Meta": {
		"Duration": 2.1,
		"Fps": 30.0,
		"Loop": true,
		"AreBeziersRestricted": true,
		"CurveCount": 11,
		"TotalSegmentCount": 57,
		"TotalPointCount": 178,
		"UserDataCount": 0,
		"TotalUserDataSize": 0
	},
	"Curves": [
		{
			"Target": "Parameter",
			"Id": "ParamAngleY",
			"Segments": [
				0,
				-5,
				0,
				0.267,
				-5,
				1,
				0.444,
				-5,
				0.622,
				5,
				0.8,
				5,
				1,
				0.978,
				5,
				1.156,
				-5,
				1.333,
				-5,
				1,
				1.511,
				-5,
				1.689,
				5,
				1.867,
				5,
				1,
				1.944,
				5,
				2.022,
				3.724,
				2.1,
				1.172
			]
		},
		{
			"Target": "Parameter",
			"Id": "ParamAngleX2",
			"Segments": [
				0,
				0,
				0,
				2.1,
				0
			]
		},
		{
			"Target": "Parameter",
			"Id": "Param7",
			"Segments": [
				0,
				0,
				1,
				0.1,
				0,
				0.2,
				-0.2,
				0.3,
				-0.2,
				1,
				0.478,
				-0.2,
				0.656,
				0.1,
				0.833,
				0.1,
				1,
				1.011,
				0.1,
				1.189,
				-0.2,
				1.367,
				-0.2,
				1,
				1.544,
				-0.2,
				1.722,
				0.1,
				1.9,
				0.1,
				1,
				1.967,
				0.1,
				2.033,
				0.027,
				2.1,
				0.006
			]
		},
		{
			"Target": "Parameter",
			"Id": "Param8",
			"Segments": [
				0,
				0,
				1,
				0.1,
				0,
				0.2,
				-0.2,
				0.3,
				-0.2,
				1,
				0.478,
				-0.2,
				0.656,
				0.1,
				0.833,
				0.1,
				1,
				1.011,
				0.1,
				1.189,
				-0.2,
				1.367,
				-0.2,
				1,
				1.544,
				-0.2,
				1.722,
				0.1,
				1.9,
				0.1,
				1,
				1.967,
				0.1,
				2.033,
				0.027,
				2.1,
				0.006
			]
		},
		{
			"Target": "Parameter",
			"Id": "Param",
			"Segments": [
				0,
				0,
				1,
				0.089,
				0,
				0.178,
				-7,
				0.267,
				-7,
				1,
				0.444,
				-7,
				0.622,
				7,
				0.8,
				7,
				1,
				0.978,
				7,
				1.156,
				-7,
				1.333,
				-7,
				1,
				1.511,
				-7,
				1.689,
				7,
				1.867,
				7,
				1,
				1.944,
				7,
				2.022,
				5.214,
				2.1,
				1.641
			]
		},
		{
			"Target": "Parameter",
			"Id": "Param2",
			"Segments": [
				0,
				0,
				1,
				0.022,
				0,
				0.044,
				0,
				0.067,
				0,
				1,
				0.133,
				0,
				0.2,
				-0.214,
				0.267,
				-0.5,
				1,
				0.289,
				-0.595,
				0.311,
				-0.6,
				0.333,
				-0.6,
				1,
				0.5,
				-0.6,
				0.667,
				0.1,
				0.833,
				0.1,
				1,
				1.011,
				0.1,
				1.189,
				-0.089,
				1.367,
				-0.5,
				1,
				1.389,
				-0.551,
				1.411,
				-0.6,
				1.433,
				-0.6,
				1,
				1.589,
				-0.6,
				1.744,
				0.1,
				1.9,
				0.1,
				1,
				1.967,
				0.1,
				2.033,
				0.027,
				2.1,
				0.006
			]
		},
		{
			"Target": "Parameter",
			"Id": "Param3",
			"Segments": [
				0,
				0,
				1,
				0.022,
				0,
				0.044,
				0,
				0.067,
				0,
				1,
				0.133,
				0,
				0.2,
				0.214,
				0.267,
				0.5,
				1,
				0.289,
				0.595,
				0.311,
				0.6,
				0.333,
				0.6,
				1,
				0.5,
				0.6,
				0.667,
				-0.1,
				0.833,
				-0.1,
				1,
				1.011,
				-0.1,
				1.189,
				0.089,
				1.367,
				0.5,
				1,
				1.389,
				0.551,
				1.411,
				0.6,
				1.433,
				0.6,
				1,
				1.589,
				0.6,
				1.744,
				-0.1,
				1.9,
				-0.1,
				1,
				1.967,
				-0.1,
				2.033,
				-0.027,
				2.1,
				-0.006
			]
		},
		{
			"Target": "Parameter",
			"Id": "Param5",
			"Segments": [
				0,
				0,
				1,
				0.089,
				0,
				0.178,
				-1,
				0.267,
				-1,
				1,
				0.444,
				-1,
				0.622,
				1,
				0.8,
				1,
				1,
				0.978,
				1,
				1.156,
				-1,
				1.333,
				-1,
				1,
				1.511,
				-1,
				1.689,
				1,
				1.867,
				1,
				1,
				1.944,
				1,
				2.022,
				0.234,
				2.1,
				0.043
			]
		},
		{
			"Target": "Parameter",
			"Id": "Param6",
			"Segments": [
				0,
				0,
				1,
				0.089,
				0,
				0.178,
				1,
				0.267,
				1,
				1,
				0.444,
				1,
				0.622,
				-1,
				0.8,
				-1,
				1,
				0.978,
				-1,
				1.156,
				1,
				1.333,
				1,
				1,
				1.511,
				1,
				1.689,
				-1,
				1.867,
				-1,
				1,
				1.944,
				-1,
				2.022,
				-0.234,
				2.1,
				-0.043
			]
		},
		{
			"Target": "Parameter",
			"Id": "Param9",
			"Segments": [
				0,
				0,
				1,
				0.089,
				0,
				0.178,
				1,
				0.267,
				1,
				1,
				0.444,
				1,
				0.622,
				-1,
				0.8,
				-1,
				1,
				0.978,
				-1,
				1.156,
				1,
				1.333,
				1,
				1,
				1.511,
				1,
				1.689,
				-1,
				1.867,
				-1,
				1,
				1.944,
				-1,
				2.022,
				-0.234,
				2.1,
				-0.043
			]
		},
		{
			"Target": "Parameter",
			"Id": "Param10",
			"Segments": [
				0,
				0,
				1,
				0.089,
				0,
				0.178,
				-1,
				0.267,
				-1,
				1,
				0.444,
				-1,
				0.622,
				1,
				0.8,
				1,
				1,
				0.978,
				1,
				1.156,
				-1,
				1.333,
				-1,
				1,
				1.511,
				-1,
				1.689,
				1,
				1.867,
				1,
				1,
				1.944,
				1,
				2.022,
				0.234,
				2.1,
				0.043
			]
		}
	]
}